{
  "id": "2b9ad2fa-2e59-439b-ba64-7a023d34c75e",
  "revision": 0,
  "last_node_id": 276,
  "last_link_id": 518,
  "nodes": [
    {
      "id": 104,
      "type": "WanVideoSetBlockSwap",
      "pos": [
        23.7281436920166,
        -753.145751953125
      ],
      "size": [
        201.7681640625,
        46
      ],
      "flags": {
        "collapsed": true
      },
      "order": 32,
      "mode": 0,
      "inputs": [
        {
          "name": "model",
          "type": "WANVIDEOMODEL",
          "link": 154
        },
        {
          "name": "block_swap_args",
          "shape": 7,
          "type": "BLOCKSWAPARGS",
          "link": 277
        }
      ],
      "outputs": [
        {
          "name": "model",
          "type": "WANVIDEOMODEL",
          "links": [
            156
          ]
        }
      ],
      "properties": {
        "aux_id": "ComfyUI-WanVideoWrapper",
        "Node name for S&R": "WanVideoSetBlockSwap",
        "ver": "d446e97309824fa936fec2b52efeb19adb9ba38f",
        "cnr_id": "ComfyUI-WanVideoWrapper",
        "ue_properties": {
          "version": "7.2.2",
          "widget_ue_connectable": {},
          "input_ue_unconnectable": {}
        }
      },
      "widgets_values": [],
      "color": "#223",
      "bgcolor": "#335"
    },
    {
      "id": 28,
      "type": "WanVideoDecode",
      "pos": [
        2501.210693359375,
        -412.84857177734375
      ],
      "size": [
        315,
        198
      ],
      "flags": {
        "collapsed": true
      },
      "order": 51,
      "mode": 0,
      "inputs": [
        {
          "name": "vae",
          "type": "WANVAE",
          "link": 357
        },
        {
          "name": "samples",
          "type": "LATENT",
          "link": 218
        }
      ],
      "outputs": [
        {
          "name": "images",
          "type": "IMAGE",
          "slot_index": 0,
          "links": [
            280
          ]
        }
      ],
      "properties": {
        "aux_id": "ComfyUI-WanVideoWrapper",
        "Node name for S&R": "WanVideoDecode",
        "ver": "d20baf00247fd06553fdc9253e18732244e54172",
        "cnr_id": "ComfyUI-WanVideoWrapper",
        "ue_properties": {
          "version": "7.2.2",
          "widget_ue_connectable": {},
          "input_ue_unconnectable": {}
        }
      },
      "widgets_values": [
        false,
        272,
        272,
        144,
        128,
        "default"
      ],
      "color": "#322",
      "bgcolor": "#533"
    },
    {
      "id": 195,
      "type": "WanVideoDecode",
      "pos": [
        1634.7493896484375,
        -412.84857177734375
      ],
      "size": [
        315,
        198
      ],
      "flags": {
        "collapsed": true
      },
      "order": 48,
      "mode": 0,
      "inputs": [
        {
          "name": "vae",
          "type": "WANVAE",
          "link": 350
        },
        {
          "name": "samples",
          "type": "LATENT",
          "link": 352
        }
      ],
      "outputs": [
        {
          "name": "images",
          "type": "IMAGE",
          "slot_index": 0,
          "links": [
            353
          ]
        }
      ],
      "properties": {
        "aux_id": "ComfyUI-WanVideoWrapper",
        "Node name for S&R": "WanVideoDecode",
        "ue_properties": {
          "version": "7.2.2",
          "widget_ue_connectable": {},
          "input_ue_unconnectable": {}
        },
        "ver": "d20baf00247fd06553fdc9253e18732244e54172",
        "cnr_id": "ComfyUI-WanVideoWrapper"
      },
      "widgets_values": [
        false,
        272,
        272,
        144,
        128,
        "default"
      ],
      "color": "#322",
      "bgcolor": "#533"
    },
    {
      "id": 200,
      "type": "GetNode",
      "pos": [
        2501.210693359375,
        -462.88226318359375
      ],
      "size": [
        210,
        50
      ],
      "flags": {
        "collapsed": true
      },
      "order": 0,
      "mode": 0,
      "inputs": [],
      "outputs": [
        {
          "name": "WANVAE",
          "type": "WANVAE",
          "links": [
            357
          ]
        }
      ],
      "title": "Get_VAE",
      "properties": {
        "ue_properties": {
          "version": "7.2.2",
          "widget_ue_connectable": {},
          "input_ue_unconnectable": {}
        }
      },
      "widgets_values": [
        "VAE"
      ],
      "color": "#322",
      "bgcolor": "#533"
    },
    {
      "id": 39,
      "type": "WanVideoBlockSwap",
      "pos": [
        -291.97454833984375,
        -1678.8804931640625
      ],
      "size": [
        269.9057312011719,
        202
      ],
      "flags": {},
      "order": 1,
      "mode": 0,
      "inputs": [],
      "outputs": [
        {
          "name": "block_swap_args",
          "type": "BLOCKSWAPARGS",
          "slot_index": 0,
          "links": [
            142
          ]
        }
      ],
      "properties": {
        "aux_id": "ComfyUI-WanVideoWrapper",
        "Node name for S&R": "WanVideoBlockSwap",
        "ver": "d20baf00247fd06553fdc9253e18732244e54172",
        "cnr_id": "ComfyUI-WanVideoWrapper",
        "ue_properties": {
          "version": "7.2.2",
          "widget_ue_connectable": {},
          "input_ue_unconnectable": {}
        }
      },
      "widgets_values": [
        20,
        false,
        false,
        true,
        0,
        0,
        false
      ],
      "color": "#223",
      "bgcolor": "#335"
    },
    {
      "id": 157,
      "type": "WanVideoBlockSwap",
      "pos": [
        -291.97454833984375,
        -613.8773193359375
      ],
      "size": [
        259.7272644042969,
        202
      ],
      "flags": {},
      "order": 2,
      "mode": 0,
      "inputs": [],
      "outputs": [
        {
          "name": "block_swap_args",
          "type": "BLOCKSWAPARGS",
          "slot_index": 0,
          "links": [
            277
          ]
        }
      ],
      "properties": {
        "aux_id": "ComfyUI-WanVideoWrapper",
        "Node name for S&R": "WanVideoBlockSwap",
        "ver": "d20baf00247fd06553fdc9253e18732244e54172",
        "cnr_id": "ComfyUI-WanVideoWrapper",
        "ue_properties": {
          "version": "7.2.2",
          "widget_ue_connectable": {},
          "input_ue_unconnectable": {}
        }
      },
      "widgets_values": [
        20,
        false,
        false,
        true,
        0,
        0,
        false
      ],
      "color": "#223",
      "bgcolor": "#335"
    },
    {
      "id": 33,
      "type": "Note",
      "pos": [
        -778.8823852539062,
        -598.2893676757812
      ],
      "size": [
        442.0411376953125,
        88
      ],
      "flags": {},
      "order": 3,
      "mode": 0,
      "inputs": [],
      "outputs": [],
      "properties": {
        "ue_properties": {
          "version": "7.2.2",
          "widget_ue_connectable": {},
          "input_ue_unconnectable": {}
        }
      },
      "widgets_values": [
        "Models:\nhttps://huggingface.co/Kijai/WanVideo_comfy_fp8_scaled/tree/main/Fun"
      ],
      "color": "#432",
      "bgcolor": "#653"
    },
    {
      "id": 141,
      "type": "Reroute",
      "pos": [
        1105.133056640625,
        -345.3215637207031
      ],
      "size": [
        75,
        26
      ],
      "flags": {},
      "order": 23,
      "mode": 0,
      "inputs": [
        {
          "name": "",
          "type": "*",
          "link": 235
        }
      ],
      "outputs": [
        {
          "name": "",
          "type": "WANVIDEOTEXTEMBEDS",
          "links": [
            236,
            237
          ]
        }
      ],
      "properties": {
        "showOutputText": false,
        "horizontal": false,
        "ue_properties": {
          "version": "7.2.2",
          "widget_ue_connectable": {},
          "input_ue_unconnectable": {}
        }
      }
    },
    {
      "id": 38,
      "type": "WanVideoVAELoader",
      "pos": [
        326.0544128417969,
        -75.39892578125
      ],
      "size": [
        250.94207763671875,
        82
      ],
      "flags": {},
      "order": 4,
      "mode": 0,
      "inputs": [
        {
          "name": "compile_args",
          "shape": 7,
          "type": "WANCOMPILEARGS",
          "link": null
        }
      ],
      "outputs": [
        {
          "name": "vae",
          "type": "WANVAE",
          "slot_index": 0,
          "links": [
            103
          ]
        }
      ],
      "properties": {
        "aux_id": "ComfyUI-WanVideoWrapper",
        "Node name for S&R": "WanVideoVAELoader",
        "ver": "d20baf00247fd06553fdc9253e18732244e54172",
        "cnr_id": "ComfyUI-WanVideoWrapper",
        "ue_properties": {
          "version": "7.2.2",
          "widget_ue_connectable": {},
          "input_ue_unconnectable": {}
        }
      },
      "widgets_values": [
        "Wan2_1_VAE_bf16.safetensors",
        "bf16"
      ],
      "color": "#322",
      "bgcolor": "#533"
    },
    {
      "id": 83,
      "type": "SetNode",
      "pos": [
        458.51458740234375,
        -146.63731384277344
      ],
      "size": [
        210,
        60
      ],
      "flags": {
        "collapsed": true
      },
      "order": 22,
      "mode": 0,
      "inputs": [
        {
          "name": "WANVAE",
          "type": "WANVAE",
          "link": 103
        }
      ],
      "outputs": [
        {
          "name": "*",
          "type": "*",
          "links": null
        }
      ],
      "title": "Set_VAE",
      "properties": {
        "previousName": "VAE",
        "ue_properties": {
          "version": "7.2.2",
          "widget_ue_connectable": {},
          "input_ue_unconnectable": {}
        }
      },
      "widgets_values": [
        "VAE"
      ],
      "color": "#322",
      "bgcolor": "#533"
    },
    {
      "id": 80,
      "type": "Reroute",
      "pos": [
        1101.2559814453125,
        294.0339050292969
      ],
      "size": [
        75,
        26
      ],
      "flags": {},
      "order": 45,
      "mode": 0,
      "inputs": [
        {
          "name": "",
          "type": "*",
          "link": 248
        }
      ],
      "outputs": [
        {
          "name": "",
          "type": "WANVIDIMAGE_EMBEDS",
          "links": [
            196
          ]
        }
      ],
      "properties": {
        "showOutputText": false,
        "horizontal": false,
        "ue_properties": {
          "version": "7.2.2",
          "widget_ue_connectable": {},
          "input_ue_unconnectable": {}
        }
      }
    },
    {
      "id": 86,
      "type": "GetNode",
      "pos": [
        1634.7493896484375,
        -463.3868713378906
      ],
      "size": [
        210,
        58
      ],
      "flags": {
        "collapsed": true
      },
      "order": 5,
      "mode": 0,
      "inputs": [],
      "outputs": [
        {
          "name": "WANVAE",
          "type": "WANVAE",
          "links": [
            350
          ]
        }
      ],
      "title": "Get_VAE",
      "properties": {
        "ue_properties": {
          "version": "7.2.2",
          "widget_ue_connectable": {},
          "input_ue_unconnectable": {}
        }
      },
      "widgets_values": [
        "VAE"
      ],
      "color": "#322",
      "bgcolor": "#533"
    },
    {
      "id": 126,
      "type": "WanVideoTextEncodeCached",
      "pos": [
        592.6211547851562,
        -193.55918884277344
      ],
      "size": [
        474.5360107421875,
        366.7752685546875
      ],
      "flags": {},
      "order": 6,
      "mode": 0,
      "inputs": [
        {
          "name": "extender_args",
          "shape": 7,
          "type": "WANVIDEOPROMPTEXTENDER_ARGS",
          "link": null
        }
      ],
      "outputs": [
        {
          "name": "text_embeds",
          "type": "WANVIDEOTEXTEMBEDS",
          "links": [
            235
          ]
        },
        {
          "name": "negative_text_embeds",
          "type": "WANVIDEOTEXTEMBEDS",
          "links": null
        },
        {
          "name": "positive_prompt",
          "type": "STRING",
          "links": null
        }
      ],
      "properties": {
        "aux_id": "ComfyUI-WanVideoWrapper",
        "Node name for S&R": "WanVideoTextEncodeCached",
        "ver": "bbf14ec9e9965c1a8582eea02b50913e79a036d0",
        "cnr_id": "ComfyUI-WanVideoWrapper",
        "ue_properties": {
          "version": "7.2.2",
          "widget_ue_connectable": {},
          "input_ue_unconnectable": {}
        }
      },
      "widgets_values": [
        "umt5-xxl-enc-bf16.safetensors",
        "bf16",
        "multiple rabbits in snow , all are moving around",
        "色调艳丽，过曝，静态，细节模糊不清，字幕，风格，作品，画作，画面，静止，整体发灰，最差质量，低质量，JPEG压缩残留，丑陋的，残缺的，多余的手指，画得不好的手部，画得不好的脸部，畸形的，毁容的，形态畸形的肢体，手指融合，静止不动的画面，杂乱的背景，三条腿，背景人很多，倒着走",
        "disabled",
        true,
        "gpu"
      ],
      "color": "#432",
      "bgcolor": "#653"
    },
    {
      "id": 251,
      "type": "SetNode",
      "pos": [
        -289.2106042401627,
        -82.83876165789789
      ],
      "size": [
        210,
        34
      ],
      "flags": {
        "collapsed": true
      },
      "order": 25,
      "mode": 0,
      "inputs": [
        {
          "name": "INT",
          "type": "INT",
          "link": 472
        }
      ],
      "outputs": [
        {
          "name": "*",
          "type": "*",
          "links": null
        }
      ],
      "title": "Set_total_steps",
      "properties": {
        "previousName": "",
        "ue_properties": {
          "widget_ue_connectable": {},
          "version": "7.2.2",
          "input_ue_unconnectable": {}
        }
      },
      "widgets_values": [
        "total_steps"
      ],
      "color": "#1b4669",
      "bgcolor": "#29699c",
      "shape": 1
    },
    {
      "id": 252,
      "type": "SetNode",
      "pos": [
        -285.7494225995377,
        6.601751952941933
      ],
      "size": [
        210,
        34
      ],
      "flags": {
        "collapsed": true
      },
      "order": 24,
      "mode": 0,
      "inputs": [
        {
          "name": "INT",
          "type": "INT",
          "link": 473
        }
      ],
      "outputs": [
        {
          "name": "*",
          "type": "*",
          "links": null
        }
      ],
      "title": "Set_split_step",
      "properties": {
        "previousName": "",
        "ue_properties": {
          "widget_ue_connectable": {},
          "version": "7.2.2",
          "input_ue_unconnectable": {}
        }
      },
      "widgets_values": [
        "split_step"
      ],
      "color": "#1b4669",
      "bgcolor": "#29699c",
      "shape": 1
    },
    {
      "id": 260,
      "type": "GetNode",
      "pos": [
        1076.175048828125,
        200.13568115234375
      ],
      "size": [
        210,
        58
      ],
      "flags": {
        "collapsed": true
      },
      "order": 7,
      "mode": 0,
      "inputs": [],
      "outputs": [
        {
          "name": "INT",
          "type": "INT",
          "links": [
            480,
            481
          ]
        }
      ],
      "title": "Get_split_step",
      "properties": {
        "ue_properties": {
          "version": "7.2.2",
          "widget_ue_connectable": {},
          "input_ue_unconnectable": {}
        }
      },
      "widgets_values": [
        "split_step"
      ],
      "color": "#222",
      "bgcolor": "#000",
      "shape": 1
    },
    {
      "id": 259,
      "type": "GetNode",
      "pos": [
        1076.175048828125,
        169.95538330078125
      ],
      "size": [
        210,
        58
      ],
      "flags": {
        "collapsed": true
      },
      "order": 8,
      "mode": 0,
      "inputs": [],
      "outputs": [
        {
          "name": "INT",
          "type": "INT",
          "links": [
            477,
            478
          ]
        }
      ],
      "title": "Get_total_steps",
      "properties": {
        "ue_properties": {
          "version": "7.2.2",
          "widget_ue_connectable": {},
          "input_ue_unconnectable": {}
        }
      },
      "widgets_values": [
        "total_steps"
      ],
      "color": "#222",
      "bgcolor": "#000",
      "shape": 1
    },
    {
      "id": 30,
      "type": "VHS_VideoCombine",
      "pos": [
        2480.57373046875,
        -579.6849365234375
      ],
      "size": [
        628.69873046875,
        688.4586119570974
      ],
      "flags": {},
      "order": 52,
      "mode": 0,
      "inputs": [
        {
          "name": "images",
          "type": "IMAGE",
          "link": 280
        },
        {
          "name": "audio",
          "shape": 7,
          "type": "AUDIO",
          "link": null
        },
        {
          "name": "meta_batch",
          "shape": 7,
          "type": "VHS_BatchManager",
          "link": null
        },
        {
          "name": "vae",
          "shape": 7,
          "type": "VAE",
          "link": null
        }
      ],
      "outputs": [
        {
          "name": "Filenames",
          "type": "VHS_FILENAMES",
          "links": null
        }
      ],
      "properties": {
        "cnr_id": "comfyui-videohelpersuite",
        "ver": "0a75c7958fe320efcb052f1d9f8451fd20c730a8",
        "Node name for S&R": "VHS_VideoCombine",
        "ue_properties": {
          "version": "7.2.2",
          "widget_ue_connectable": {},
          "input_ue_unconnectable": {}
        }
      },
      "widgets_values": {
        "frame_rate": 16,
        "loop_count": 0,
        "filename_prefix": "WanVideoWrapper_22FunControl",
        "format": "video/h264-mp4",
        "pix_fmt": "yuv420p",
        "crf": 18,
        "save_metadata": false,
        "trim_to_audio": false,
        "pingpong": false,
        "save_output": false,
        "videopreview": {
          "hidden": false,
          "paused": false,
          "params": {
            "filename": "WanVideoWrapper_22FunControl_00007.mp4",
            "subfolder": "",
            "type": "temp",
            "format": "video/h264-mp4",
            "frame_rate": 16,
            "workflow": "WanVideoWrapper_22FunControl_00007.png",
            "fullpath": ""
          }
        }
      }
    },
    {
      "id": 187,
      "type": "VHS_VideoCombine",
      "pos": [
        1627.18212890625,
        -579.6849365234375
      ],
      "size": [
        432.51849365234375,
        578.730682890294
      ],
      "flags": {},
      "order": 50,
      "mode": 0,
      "inputs": [
        {
          "name": "images",
          "type": "IMAGE",
          "link": 353
        },
        {
          "name": "audio",
          "shape": 7,
          "type": "AUDIO",
          "link": null
        },
        {
          "name": "meta_batch",
          "shape": 7,
          "type": "VHS_BatchManager",
          "link": null
        },
        {
          "name": "vae",
          "shape": 7,
          "type": "VAE",
          "link": null
        }
      ],
      "outputs": [
        {
          "name": "Filenames",
          "type": "VHS_FILENAMES",
          "links": null
        }
      ],
      "properties": {
        "cnr_id": "comfyui-videohelpersuite",
        "ver": "0a75c7958fe320efcb052f1d9f8451fd20c730a8",
        "Node name for S&R": "VHS_VideoCombine",
        "ue_properties": {
          "version": "7.2.2",
          "widget_ue_connectable": {},
          "input_ue_unconnectable": {}
        }
      },
      "widgets_values": {
        "frame_rate": 16,
        "loop_count": 0,
        "filename_prefix": "WanVideoWrapper_22FunControl",
        "format": "video/h264-mp4",
        "pix_fmt": "yuv420p",
        "crf": 19,
        "save_metadata": false,
        "trim_to_audio": false,
        "pingpong": false,
        "save_output": false,
        "videopreview": {
          "hidden": false,
          "paused": false,
          "params": {
            "filename": "WanVideoWrapper_22FunControl_00006.mp4",
            "subfolder": "",
            "type": "temp",
            "format": "video/h264-mp4",
            "frame_rate": 16,
            "workflow": "WanVideoWrapper_22FunControl_00006.png",
            "fullpath": ""
          }
        }
      }
    },
    {
      "id": 98,
      "type": "WanVideoSetBlockSwap",
      "pos": [
        56.36982747136634,
        -1144.8193791834356
      ],
      "size": [
        201.7681640625,
        46
      ],
      "flags": {
        "collapsed": true
      },
      "order": 31,
      "mode": 0,
      "inputs": [
        {
          "name": "model",
          "type": "WANVIDEOMODEL",
          "link": 140
        },
        {
          "name": "block_swap_args",
          "shape": 7,
          "type": "BLOCKSWAPARGS",
          "link": 142
        }
      ],
      "outputs": [
        {
          "name": "model",
          "type": "WANVIDEOMODEL",
          "links": [
            141
          ]
        }
      ],
      "properties": {
        "aux_id": "ComfyUI-WanVideoWrapper",
        "Node name for S&R": "WanVideoSetBlockSwap",
        "ver": "d446e97309824fa936fec2b52efeb19adb9ba38f",
        "cnr_id": "ComfyUI-WanVideoWrapper",
        "ue_properties": {
          "version": "7.2.2",
          "widget_ue_connectable": {},
          "input_ue_unconnectable": {}
        }
      },
      "widgets_values": [],
      "color": "#223",
      "bgcolor": "#335"
    },
    {
      "id": 97,
      "type": "WanVideoSetLoRAs",
      "pos": [
        330.0683481317665,
        -1144.8193791834356
      ],
      "size": [
        247.54364013671875,
        104
      ],
      "flags": {
        "collapsed": true
      },
      "order": 34,
      "mode": 0,
      "inputs": [
        {
          "name": "model",
          "type": "WANVIDEOMODEL",
          "link": 141
        },
        {
          "name": "lora",
          "shape": 7,
          "type": "WANVIDLORA",
          "link": 276
        }
      ],
      "outputs": [
        {
          "name": "model",
          "type": "WANVIDEOMODEL",
          "links": [
            489
          ]
        }
      ],
      "properties": {
        "aux_id": "ComfyUI-WanVideoWrapper",
        "Node name for S&R": "WanVideoSetLoRAs",
        "ver": "d446e97309824fa936fec2b52efeb19adb9ba38f",
        "cnr_id": "ComfyUI-WanVideoWrapper",
        "ue_properties": {
          "version": "7.2.2",
          "widget_ue_connectable": {},
          "input_ue_unconnectable": {}
        }
      },
      "widgets_values": [],
      "color": "#223",
      "bgcolor": "#335"
    },
    {
      "id": 265,
      "type": "Reroute",
      "pos": [
        959.4096057395299,
        -1174.327432570377
      ],
      "size": [
        75,
        26
      ],
      "flags": {},
      "order": 39,
      "mode": 0,
      "inputs": [
        {
          "name": "",
          "type": "*",
          "link": 489
        }
      ],
      "outputs": [
        {
          "name": "",
          "type": "WANVIDEOMODEL",
          "links": [
            490
          ]
        }
      ],
      "properties": {
        "showOutputText": false,
        "horizontal": false,
        "ue_properties": {
          "widget_ue_connectable": {},
          "version": "7.2.2",
          "input_ue_unconnectable": {}
        }
      }
    },
    {
      "id": 105,
      "type": "WanVideoSetLoRAs",
      "pos": [
        292.6243591308594,
        -754.334882832344
      ],
      "size": [
        247.54364013671875,
        47.189130879218965
      ],
      "flags": {
        "collapsed": true
      },
      "order": 35,
      "mode": 0,
      "inputs": [
        {
          "name": "model",
          "type": "WANVIDEOMODEL",
          "link": 156
        },
        {
          "name": "lora",
          "shape": 7,
          "type": "WANVIDLORA",
          "link": 512
        }
      ],
      "outputs": [
        {
          "name": "model",
          "type": "WANVIDEOMODEL",
          "links": [
            491
          ]
        }
      ],
      "properties": {
        "aux_id": "ComfyUI-WanVideoWrapper",
        "Node name for S&R": "WanVideoSetLoRAs",
        "ver": "d446e97309824fa936fec2b52efeb19adb9ba38f",
        "cnr_id": "ComfyUI-WanVideoWrapper",
        "ue_properties": {
          "version": "7.2.2",
          "widget_ue_connectable": {},
          "input_ue_unconnectable": {}
        }
      },
      "widgets_values": [],
      "color": "#223",
      "bgcolor": "#335"
    },
    {
      "id": 58,
      "type": "LoadImage",
      "pos": [
        -747.2610739787638,
        -190.95369753080683
      ],
      "size": [
        413.10479736328125,
        498.3180847167969
      ],
      "flags": {},
      "order": 9,
      "mode": 0,
      "inputs": [],
      "outputs": [
        {
          "name": "IMAGE",
          "type": "IMAGE",
          "links": [
            168
          ]
        },
        {
          "name": "MASK",
          "type": "MASK",
          "links": null
        }
      ],
      "properties": {
        "cnr_id": "comfy-core",
        "ver": "0.3.26",
        "Node name for S&R": "LoadImage",
        "ue_properties": {
          "version": "7.2.2",
          "widget_ue_connectable": {},
          "input_ue_unconnectable": {}
        }
      },
      "widgets_values": [
        "snowy-rabbit-gathering-stockcake-1824665364.jpg",
        "image"
      ],
      "color": "#2a363b",
      "bgcolor": "#3f5159",
      "shape": 1
    },
    {
      "id": 254,
      "type": "INTConstant",
      "pos": [
        -323.37008910344395,
        0.9536997373657573
      ],
      "size": [
        210,
        59.31474304199219
      ],
      "flags": {
        "pinned": true
      },
      "order": 10,
      "mode": 0,
      "inputs": [],
      "outputs": [
        {
          "name": "value",
          "type": "INT",
          "links": [
            473
          ]
        }
      ],
      "title": "split_step",
      "properties": {
        "cnr_id": "comfyui-kjnodes",
        "ver": "87d0cf42db7d59992daba4d58a83655b5b359f44",
        "Node name for S&R": "INTConstant",
        "ue_properties": {
          "widget_ue_connectable": {},
          "version": "7.2.2",
          "input_ue_unconnectable": {}
        }
      },
      "widgets_values": [
        3
      ],
      "color": "#323",
      "bgcolor": "#535",
      "shape": 1
    },
    {
      "id": 253,
      "type": "INTConstant",
      "pos": [
        -323.15869383977207,
        -86.75855764788813
      ],
      "size": [
        210,
        58
      ],
      "flags": {
        "pinned": true
      },
      "order": 11,
      "mode": 0,
      "inputs": [],
      "outputs": [
        {
          "name": "value",
          "type": "INT",
          "links": [
            472
          ]
        }
      ],
      "title": "total_steps",
      "properties": {
        "cnr_id": "comfyui-kjnodes",
        "ver": "87d0cf42db7d59992daba4d58a83655b5b359f44",
        "Node name for S&R": "INTConstant",
        "ue_properties": {
          "widget_ue_connectable": {},
          "version": "7.2.2",
          "input_ue_unconnectable": {}
        }
      },
      "widgets_values": [
        7
      ],
      "color": "#323",
      "bgcolor": "#535",
      "shape": 1
    },
    {
      "id": 153,
      "type": "INTConstant",
      "pos": [
        -333.8786315917969,
        250.31076049804688
      ],
      "size": [
        235.78514099121094,
        76.51242065429688
      ],
      "flags": {
        "pinned": true
      },
      "order": 12,
      "mode": 0,
      "inputs": [],
      "outputs": [
        {
          "name": "value",
          "type": "INT",
          "links": [
            292,
            293
          ]
        }
      ],
      "title": "SIZE",
      "properties": {
        "cnr_id": "comfyui-kjnodes",
        "ver": "87d0cf42db7d59992daba4d58a83655b5b359f44",
        "Node name for S&R": "INTConstant",
        "ue_properties": {
          "version": "7.2.2",
          "widget_ue_connectable": {},
          "input_ue_unconnectable": {}
        }
      },
      "widgets_values": [
        958
      ],
      "color": "#222",
      "bgcolor": "#000",
      "shape": 1
    },
    {
      "id": 210,
      "type": "WanFrames",
      "pos": [
        -333.8786315917969,
        134.33880615234375
      ],
      "size": [
        236.44627380371094,
        86.4462890625
      ],
      "flags": {
        "pinned": true
      },
      "order": 13,
      "mode": 0,
      "inputs": [],
      "outputs": [
        {
          "name": "frame_count",
          "type": "INT",
          "links": [
            494
          ]
        }
      ],
      "properties": {
        "aux_id": "ComfyUI-WanVideoWrapper_QQ",
        "ver": "0a2536acb32c76369fa019dfcadd77cb92650373",
        "Node name for S&R": "WanFrames",
        "ue_properties": {
          "widget_ue_connectable": {},
          "input_ue_unconnectable": {},
          "version": "7.2.2"
        }
      },
      "widgets_values": [
        40
      ],
      "color": "#222",
      "bgcolor": "#000",
      "shape": 1
    },
    {
      "id": 82,
      "type": "VHS_VideoCombine",
      "pos": [
        -80.97270869385055,
        -175.1763034143151
      ],
      "size": [
        309.3501892089844,
        509.83993633722855
      ],
      "flags": {},
      "order": 37,
      "mode": 0,
      "inputs": [
        {
          "name": "images",
          "type": "IMAGE",
          "link": 510
        },
        {
          "name": "audio",
          "shape": 7,
          "type": "AUDIO",
          "link": null
        },
        {
          "name": "meta_batch",
          "shape": 7,
          "type": "VHS_BatchManager",
          "link": null
        },
        {
          "name": "vae",
          "shape": 7,
          "type": "VAE",
          "link": null
        }
      ],
      "outputs": [
        {
          "name": "Filenames",
          "type": "VHS_FILENAMES",
          "links": null
        }
      ],
      "properties": {
        "cnr_id": "comfyui-videohelpersuite",
        "ver": "0a75c7958fe320efcb052f1d9f8451fd20c730a8",
        "Node name for S&R": "VHS_VideoCombine",
        "ue_properties": {
          "version": "7.2.2",
          "widget_ue_connectable": {},
          "input_ue_unconnectable": {}
        }
      },
      "widgets_values": {
        "frame_rate": 16,
        "loop_count": 0,
        "filename_prefix": "control",
        "format": "video/h264-mp4",
        "pix_fmt": "yuv420p",
        "crf": 19,
        "save_metadata": false,
        "trim_to_audio": false,
        "pingpong": false,
        "save_output": false,
        "videopreview": {
          "hidden": false,
          "paused": false,
          "params": {
            "filename": "control_00009.mp4",
            "subfolder": "",
            "type": "temp",
            "format": "video/h264-mp4",
            "frame_rate": 16,
            "workflow": "control_00009.png",
            "fullpath": ""
          }
        }
      },
      "shape": 1
    },
    {
      "id": 206,
      "type": "Fast Groups Bypasser (rgthree)",
      "pos": [
        264.2725736722456,
        74.29152722276638
      ],
      "size": [
        312.3485107421875,
        96.41674041748047
      ],
      "flags": {},
      "order": 14,
      "mode": 0,
      "inputs": [],
      "outputs": [
        {
          "name": "OPT_CONNECTION",
          "type": "*",
          "links": null
        }
      ],
      "properties": {
        "matchColors": "cyan",
        "matchTitle": "",
        "showNav": true,
        "showAllGraphs": true,
        "sort": "position",
        "customSortAlphabet": "",
        "toggleRestriction": "default",
        "ue_properties": {
          "widget_ue_connectable": {},
          "input_ue_unconnectable": {},
          "version": "7.2.2"
        }
      },
      "color": "#233",
      "bgcolor": "#355"
    },
    {
      "id": 100,
      "type": "WanVideoSampler",
      "pos": [
        2100.554690130707,
        -421.1644592452555
      ],
      "size": [
        357.6112060546875,
        892.8333864373676
      ],
      "flags": {},
      "order": 49,
      "mode": 0,
      "inputs": [
        {
          "name": "model",
          "type": "WANVIDEOMODEL",
          "link": 492
        },
        {
          "name": "image_embeds",
          "type": "WANVIDIMAGE_EMBEDS",
          "link": 518
        },
        {
          "name": "text_embeds",
          "shape": 7,
          "type": "WANVIDEOTEXTEMBEDS",
          "link": 237
        },
        {
          "name": "samples",
          "shape": 7,
          "type": "LATENT",
          "link": 355
        },
        {
          "name": "feta_args",
          "shape": 7,
          "type": "FETAARGS",
          "link": null
        },
        {
          "name": "context_options",
          "shape": 7,
          "type": "WANVIDCONTEXT",
          "link": null
        },
        {
          "name": "cache_args",
          "shape": 7,
          "type": "CACHEARGS",
          "link": null
        },
        {
          "name": "flowedit_args",
          "shape": 7,
          "type": "FLOWEDITARGS",
          "link": null
        },
        {
          "name": "slg_args",
          "shape": 7,
          "type": "SLGARGS",
          "link": null
        },
        {
          "name": "loop_args",
          "shape": 7,
          "type": "LOOPARGS",
          "link": null
        },
        {
          "name": "experimental_args",
          "shape": 7,
          "type": "EXPERIMENTALARGS",
          "link": null
        },
        {
          "name": "sigmas",
          "shape": 7,
          "type": "SIGMAS",
          "link": null
        },
        {
          "name": "unianimate_poses",
          "shape": 7,
          "type": "UNIANIMATE_POSE",
          "link": null
        },
        {
          "name": "fantasytalking_embeds",
          "shape": 7,
          "type": "FANTASYTALKING_EMBEDS",
          "link": null
        },
        {
          "name": "uni3c_embeds",
          "shape": 7,
          "type": "UNI3C_EMBEDS",
          "link": null
        },
        {
          "name": "multitalk_embeds",
          "shape": 7,
          "type": "MULTITALK_EMBEDS",
          "link": null
        },
        {
          "name": "freeinit_args",
          "shape": 7,
          "type": "FREEINITARGS",
          "link": null
        },
        {
          "name": "steps",
          "type": "INT",
          "widget": {
            "name": "steps"
          },
          "link": 478
        },
        {
          "name": "seed",
          "type": "INT",
          "widget": {
            "name": "seed"
          },
          "link": 466
        },
        {
          "name": "start_step",
          "shape": 7,
          "type": "INT",
          "widget": {
            "name": "start_step"
          },
          "link": 481
        }
      ],
      "outputs": [
        {
          "name": "samples",
          "type": "LATENT",
          "slot_index": 0,
          "links": [
            218
          ]
        },
        {
          "name": "denoised_samples",
          "type": "LATENT",
          "links": null
        }
      ],
      "properties": {
        "aux_id": "ComfyUI-WanVideoWrapper",
        "Node name for S&R": "WanVideoSampler",
        "ver": "d20baf00247fd06553fdc9253e18732244e54172",
        "cnr_id": "ComfyUI-WanVideoWrapper",
        "ue_properties": {
          "version": "7.2.2",
          "widget_ue_connectable": {
            "steps": true,
            "shift": true,
            "start_step": true
          },
          "input_ue_unconnectable": {}
        }
      },
      "widgets_values": [
        6,
        1,
        5.000000000000001,
        42,
        "fixed",
        true,
        "dpm++_sde",
        0,
        1,
        "",
        "comfy",
        2,
        -1,
        false
      ]
    },
    {
      "id": 27,
      "type": "WanVideoSampler",
      "pos": [
        1249.1743190369568,
        -421.1644592452555
      ],
      "size": [
        357.6112060546875,
        892.8333864373676
      ],
      "flags": {},
      "order": 46,
      "mode": 0,
      "inputs": [
        {
          "name": "model",
          "type": "WANVIDEOMODEL",
          "link": 490
        },
        {
          "name": "image_embeds",
          "type": "WANVIDIMAGE_EMBEDS",
          "link": 196
        },
        {
          "name": "text_embeds",
          "shape": 7,
          "type": "WANVIDEOTEXTEMBEDS",
          "link": 236
        },
        {
          "name": "samples",
          "shape": 7,
          "type": "LATENT",
          "link": null
        },
        {
          "name": "feta_args",
          "shape": 7,
          "type": "FETAARGS",
          "link": null
        },
        {
          "name": "context_options",
          "shape": 7,
          "type": "WANVIDCONTEXT",
          "link": null
        },
        {
          "name": "cache_args",
          "shape": 7,
          "type": "CACHEARGS",
          "link": null
        },
        {
          "name": "flowedit_args",
          "shape": 7,
          "type": "FLOWEDITARGS",
          "link": null
        },
        {
          "name": "slg_args",
          "shape": 7,
          "type": "SLGARGS",
          "link": null
        },
        {
          "name": "loop_args",
          "shape": 7,
          "type": "LOOPARGS",
          "link": null
        },
        {
          "name": "experimental_args",
          "shape": 7,
          "type": "EXPERIMENTALARGS",
          "link": null
        },
        {
          "name": "sigmas",
          "shape": 7,
          "type": "SIGMAS",
          "link": null
        },
        {
          "name": "unianimate_poses",
          "shape": 7,
          "type": "UNIANIMATE_POSE",
          "link": null
        },
        {
          "name": "fantasytalking_embeds",
          "shape": 7,
          "type": "FANTASYTALKING_EMBEDS",
          "link": null
        },
        {
          "name": "uni3c_embeds",
          "shape": 7,
          "type": "UNI3C_EMBEDS",
          "link": null
        },
        {
          "name": "multitalk_embeds",
          "shape": 7,
          "type": "MULTITALK_EMBEDS",
          "link": null
        },
        {
          "name": "freeinit_args",
          "shape": 7,
          "type": "FREEINITARGS",
          "link": null
        },
        {
          "name": "steps",
          "type": "INT",
          "widget": {
            "name": "steps"
          },
          "link": 477
        },
        {
          "name": "seed",
          "type": "INT",
          "widget": {
            "name": "seed"
          },
          "link": 356
        },
        {
          "name": "end_step",
          "shape": 7,
          "type": "INT",
          "widget": {
            "name": "end_step"
          },
          "link": 480
        }
      ],
      "outputs": [
        {
          "name": "samples",
          "type": "LATENT",
          "slot_index": 0,
          "links": [
            354
          ]
        },
        {
          "name": "denoised_samples",
          "type": "LATENT",
          "links": [
            352
          ]
        }
      ],
      "properties": {
        "aux_id": "ComfyUI-WanVideoWrapper",
        "Node name for S&R": "WanVideoSampler",
        "ver": "d20baf00247fd06553fdc9253e18732244e54172",
        "cnr_id": "ComfyUI-WanVideoWrapper",
        "ue_properties": {
          "version": "7.2.2",
          "widget_ue_connectable": {
            "steps": true,
            "shift": true,
            "end_step": true
          },
          "input_ue_unconnectable": {}
        }
      },
      "widgets_values": [
        6,
        1,
        5.000000000000001,
        171,
        "fixed",
        true,
        "dpm++_sde",
        0,
        1,
        "",
        "comfy",
        0,
        2,
        false
      ]
    },
    {
      "id": 35,
      "type": "WanVideoTorchCompileSettings",
      "pos": [
        -1051.135353566016,
        -993.824138385799
      ],
      "size": [
        390.5999755859375,
        202
      ],
      "flags": {
        "collapsed": true
      },
      "order": 15,
      "mode": 0,
      "inputs": [],
      "outputs": [
        {
          "name": "torch_compile_args",
          "type": "WANCOMPILEARGS",
          "slot_index": 0,
          "links": [
            160,
            161
          ]
        }
      ],
      "properties": {
        "aux_id": "ComfyUI-WanVideoWrapper",
        "Node name for S&R": "WanVideoTorchCompileSettings",
        "ver": "d20baf00247fd06553fdc9253e18732244e54172",
        "cnr_id": "ComfyUI-WanVideoWrapper",
        "ue_properties": {
          "version": "7.2.2",
          "widget_ue_connectable": {},
          "input_ue_unconnectable": {}
        }
      },
      "widgets_values": [
        "inductor",
        false,
        "default",
        false,
        64,
        true,
        128
      ],
      "color": "#223",
      "bgcolor": "#335"
    },
    {
      "id": 22,
      "type": "WanVideoModelLoader",
      "pos": [
        -702.2020263671875,
        -1417.9134521484375
      ],
      "size": [
        674.41357421875,
        338
      ],
      "flags": {},
      "order": 27,
      "mode": 0,
      "inputs": [
        {
          "name": "compile_args",
          "shape": 7,
          "type": "WANCOMPILEARGS",
          "link": 160
        },
        {
          "name": "block_swap_args",
          "shape": 7,
          "type": "BLOCKSWAPARGS",
          "link": null
        },
        {
          "name": "lora",
          "shape": 7,
          "type": "WANVIDLORA",
          "link": null
        },
        {
          "name": "vram_management_args",
          "shape": 7,
          "type": "VRAM_MANAGEMENTARGS",
          "link": null
        },
        {
          "name": "extra_model",
          "shape": 7,
          "type": "VACEPATH",
          "link": null
        },
        {
          "name": "fantasytalking_model",
          "shape": 7,
          "type": "FANTASYTALKINGMODEL",
          "link": null
        },
        {
          "name": "multitalk_model",
          "shape": 7,
          "type": "MULTITALKMODEL",
          "link": null
        },
        {
          "name": "fantasyportrait_model",
          "shape": 7,
          "type": "FANTASYPORTRAITMODEL",
          "link": null
        },
        {
          "name": "vace_model",
          "shape": 7,
          "type": "VACEPATH",
          "link": null
        }
      ],
      "outputs": [
        {
          "name": "model",
          "type": "WANVIDEOMODEL",
          "slot_index": 0,
          "links": [
            140
          ]
        }
      ],
      "properties": {
        "aux_id": "ComfyUI-WanVideoWrapper",
        "Node name for S&R": "WanVideoModelLoader",
        "ver": "d20baf00247fd06553fdc9253e18732244e54172",
        "cnr_id": "ComfyUI-WanVideoWrapper",
        "ue_properties": {
          "version": "7.2.2",
          "widget_ue_connectable": {},
          "input_ue_unconnectable": {}
        }
      },
      "widgets_values": [
        "wan_2.2\\Wan2_2-Fun-Control-A14B-HIGH_fp8_e4m3fn_scaled_KJ_fixed.safetensors",
        "fp16_fast",
        "fp8_e4m3fn_scaled",
        "offload_device",
        "sageattn",
        "default"
      ],
      "color": "#223",
      "bgcolor": "#335"
    },
    {
      "id": 76,
      "type": "GetImageSizeAndCount",
      "pos": [
        297.4439641564424,
        311.8647163139556
      ],
      "size": [
        277.20001220703125,
        86
      ],
      "flags": {
        "collapsed": true
      },
      "order": 36,
      "mode": 0,
      "inputs": [
        {
          "name": "image",
          "type": "IMAGE",
          "link": 504
        }
      ],
      "outputs": [
        {
          "name": "image",
          "type": "IMAGE",
          "links": [
            90
          ]
        },
        {
          "label": "944 width",
          "name": "width",
          "type": "INT",
          "links": [
            172,
            515
          ]
        },
        {
          "label": "528 height",
          "name": "height",
          "type": "INT",
          "links": [
            192,
            516
          ]
        },
        {
          "label": "41 count",
          "name": "count",
          "type": "INT",
          "links": [
            120,
            517
          ]
        }
      ],
      "properties": {
        "cnr_id": "comfyui-kjnodes",
        "ver": "52c2e31a903fec2dd654fb614ea82ba2757d5028",
        "Node name for S&R": "GetImageSizeAndCount",
        "ue_properties": {
          "version": "7.2.2",
          "widget_ue_connectable": {},
          "input_ue_unconnectable": {}
        }
      },
      "widgets_values": []
    },
    {
      "id": 77,
      "type": "WanVideoEncode",
      "pos": [
        564.194735464315,
        311.8647163139556
      ],
      "size": [
        315,
        242
      ],
      "flags": {
        "collapsed": true
      },
      "order": 41,
      "mode": 0,
      "inputs": [
        {
          "name": "vae",
          "type": "WANVAE",
          "link": 214
        },
        {
          "name": "image",
          "type": "IMAGE",
          "link": 90
        },
        {
          "name": "mask",
          "shape": 7,
          "type": "MASK",
          "link": null
        }
      ],
      "outputs": [
        {
          "name": "samples",
          "type": "LATENT",
          "links": [
            246
          ]
        }
      ],
      "properties": {
        "aux_id": "ComfyUI-WanVideoWrapper",
        "Node name for S&R": "WanVideoEncode",
        "ver": "d5085d4e879b5c9d56e39f57e656255ce72e81fc",
        "cnr_id": "ComfyUI-WanVideoWrapper",
        "ue_properties": {
          "version": "7.2.2",
          "widget_ue_connectable": {},
          "input_ue_unconnectable": {}
        }
      },
      "widgets_values": [
        false,
        272,
        272,
        144,
        128,
        0,
        1
      ],
      "color": "#322",
      "bgcolor": "#533"
    },
    {
      "id": 85,
      "type": "GetNode",
      "pos": [
        564.194735464315,
        352.815404817867
      ],
      "size": [
        210,
        58
      ],
      "flags": {
        "collapsed": true
      },
      "order": 16,
      "mode": 0,
      "inputs": [],
      "outputs": [
        {
          "name": "WANVAE",
          "type": "WANVAE",
          "links": [
            123,
            214,
            513
          ]
        }
      ],
      "title": "Get_VAE",
      "properties": {
        "ue_properties": {
          "version": "7.2.2",
          "widget_ue_connectable": {},
          "input_ue_unconnectable": {}
        }
      },
      "widgets_values": [
        "VAE"
      ],
      "color": "#322",
      "bgcolor": "#533"
    },
    {
      "id": 124,
      "type": "Reroute",
      "pos": [
        297.4437968474129,
        333.97317595617506
      ],
      "size": [
        75,
        26
      ],
      "flags": {},
      "order": 29,
      "mode": 0,
      "inputs": [
        {
          "name": "",
          "type": "*",
          "link": 215
        }
      ],
      "outputs": [
        {
          "name": "",
          "type": "IMAGE",
          "links": [
            274,
            514
          ]
        }
      ],
      "properties": {
        "showOutputText": false,
        "horizontal": false,
        "ue_properties": {
          "version": "7.2.2",
          "widget_ue_connectable": {},
          "input_ue_unconnectable": {}
        }
      }
    },
    {
      "id": 274,
      "type": "VHS_VideoCombine",
      "pos": [
        277.7960444253319,
        469.88338675018696
      ],
      "size": [
        309.3501892089844,
        509.83993633722855
      ],
      "flags": {},
      "order": 38,
      "mode": 0,
      "inputs": [
        {
          "name": "images",
          "type": "IMAGE",
          "link": 511
        },
        {
          "name": "audio",
          "shape": 7,
          "type": "AUDIO",
          "link": null
        },
        {
          "name": "meta_batch",
          "shape": 7,
          "type": "VHS_BatchManager",
          "link": null
        },
        {
          "name": "vae",
          "shape": 7,
          "type": "VAE",
          "link": null
        }
      ],
      "outputs": [
        {
          "name": "Filenames",
          "type": "VHS_FILENAMES",
          "links": null
        }
      ],
      "properties": {
        "cnr_id": "comfyui-videohelpersuite",
        "ver": "0a75c7958fe320efcb052f1d9f8451fd20c730a8",
        "Node name for S&R": "VHS_VideoCombine",
        "ue_properties": {
          "version": "7.2.2",
          "widget_ue_connectable": {},
          "input_ue_unconnectable": {}
        }
      },
      "widgets_values": {
        "frame_rate": 16,
        "loop_count": 0,
        "filename_prefix": "control",
        "format": "video/h264-mp4",
        "pix_fmt": "yuv420p",
        "crf": 19,
        "save_metadata": false,
        "trim_to_audio": false,
        "pingpong": false,
        "save_output": false,
        "videopreview": {
          "hidden": false,
          "paused": false,
          "params": {
            "filename": "control_00008.mp4",
            "subfolder": "",
            "type": "temp",
            "format": "video/h264-mp4",
            "frame_rate": 16,
            "workflow": "control_00008.png",
            "fullpath": ""
          }
        }
      },
      "shape": 1
    },
    {
      "id": 198,
      "type": "Seed (rgthree)",
      "pos": [
        1245.93115234375,
        -597.31396484375
      ],
      "size": [
        315,
        130
      ],
      "flags": {},
      "order": 17,
      "mode": 0,
      "inputs": [],
      "outputs": [
        {
          "dir": 4,
          "name": "SEED",
          "shape": 3,
          "type": "INT",
          "links": [
            356
          ]
        }
      ],
      "properties": {
        "cnr_id": "rgthree-comfy",
        "ver": "2b9eb36d3e1741e88dbfccade0e08137f7fa2bfb",
        "randomMax": 1125899906842624,
        "randomMin": 0,
        "ue_properties": {
          "widget_ue_connectable": {},
          "input_ue_unconnectable": {},
          "version": "7.2.2"
        }
      },
      "widgets_values": [
        580589296699951,
        "",
        "",
        ""
      ]
    },
    {
      "id": 204,
      "type": "Seed (rgthree)",
      "pos": [
        2097.3115234375,
        -599.0325317382812
      ],
      "size": [
        315,
        130
      ],
      "flags": {},
      "order": 18,
      "mode": 0,
      "inputs": [],
      "outputs": [
        {
          "dir": 4,
          "name": "SEED",
          "shape": 3,
          "type": "INT",
          "links": [
            466
          ]
        }
      ],
      "properties": {
        "cnr_id": "rgthree-comfy",
        "ver": "2b9eb36d3e1741e88dbfccade0e08137f7fa2bfb",
        "randomMax": 1125899906842624,
        "randomMin": 0,
        "ue_properties": {
          "widget_ue_connectable": {},
          "input_ue_unconnectable": {},
          "version": "7.2.2"
        }
      },
      "widgets_values": [
        183296707294039,
        "",
        "",
        ""
      ]
    },
    {
      "id": 264,
      "type": "PowerSplineEditor",
      "pos": [
        -796.9005842176789,
        371.8861879488691
      ],
      "size": [
        701,
        722
      ],
      "flags": {},
      "order": 30,
      "mode": 0,
      "inputs": [
        {
          "name": "ref_image",
          "shape": 7,
          "type": "IMAGE",
          "link": 488
        },
        {
          "name": "coord_in",
          "shape": 7,
          "type": "STRING",
          "link": null
        },
        {
          "name": "frames",
          "shape": 7,
          "type": "INT",
          "link": 494
        }
      ],
      "outputs": [
        {
          "name": "ref_image",
          "type": "IMAGE",
          "links": [
            500
          ]
        },
        {
          "name": "coord_out",
          "type": "STRING",
          "links": [
            501
          ]
        },
        {
          "name": "frames",
          "type": "INT",
          "links": [
            502
          ]
        }
      ],
      "properties": {
        "aux_id": "ComfyUI-WanVideoWrapper_QQ",
        "ver": "edaa843d7d840adcd8b0a7528f6303c49932041d",
        "Node name for S&R": "PowerSplineEditor",
        "userAdjustedSize": true,
        "ue_properties": {
          "widget_ue_connectable": {},
          "input_ue_unconnectable": {},
          "version": "7.2.2"
        },
        "bgImageDims": {
          "width": 657.5999755859375,
          "height": 480
        },
        "userAdjustedDims": true
      },
      "widgets_values": [
        "[{\"on\":true,\"name\":\"Spline 1\",\"interpolation\":\"basis\",\"repeat\":1,\"offset\":6,\"a_pause\":0,\"z_pause\":0,\"easing\":\"in_out\",\"driven\":false,\"_drivenConfig\":{\"driver\":\"\",\"rotate\":0,\"d_scale\":1},\"easingConfig\":{\"path\":\"full\",\"strength\":1},\"scale\":1.84,\"points_store\":\"[{\\\"x\\\":0.16734756890663047,\\\"y\\\":0.8291453830740663,\\\"highlighted\\\":false},{\\\"x\\\":0.40826350018417734,\\\"y\\\":0.5354926052428199,\\\"highlighted\\\":false},{\\\"x\\\":0.44699653146644214,\\\"y\\\":0.926485751402128,\\\"highlighted\\\":true,\\\"fix\\\":null},{\\\"x\\\":0.7060983180155901,\\\"y\\\":0.5176323253815309,\\\"highlighted\\\":false},{\\\"x\\\":0.7201990955148635,\\\"y\\\":0.9296307777561326,\\\"highlighted\\\":true,\\\"fix\\\":null},{\\\"x\\\":1.0321787976862866,\\\"y\\\":0.5585176679835905,\\\"highlighted\\\":false},{\\\"x\\\":1.0550925611226054,\\\"y\\\":0.9453559095261559,\\\"highlighted\\\":false}]\",\"coordinates\":\"[]\"},{\"on\":true,\"name\":\"Spline 1_1\",\"interpolation\":\"basis\",\"repeat\":1,\"offset\":0,\"a_pause\":0,\"z_pause\":0,\"easing\":\"in_out\",\"driven\":false,\"_drivenConfig\":{\"driver\":\"\",\"rotate\":0,\"d_scale\":1},\"easingConfig\":{\"path\":\"full\",\"strength\":1},\"scale\":1.89,\"points_store\":\"[{\\\"x\\\":0.49342522075763895,\\\"y\\\":0.6083132461402964,\\\"highlighted\\\":false},{\\\"x\\\":0.6752187518114265,\\\"y\\\":0.49242980482164167,\\\"highlighted\\\":false},{\\\"x\\\":0.6939596823385212,\\\"y\\\":0.7908319550438878,\\\"highlighted\\\":true},{\\\"x\\\":0.8999363806551236,\\\"y\\\":0.534384963040345,\\\"highlighted\\\":false},{\\\"x\\\":0.9064718018990809,\\\"y\\\":0.8072868674994239,\\\"highlighted\\\":true},{\\\"x\\\":1.0802300820658168,\\\"y\\\":0.5511732979852062,\\\"highlighted\\\":false},{\\\"x\\\":1.096043389626622,\\\"y\\\":0.8181391373940944,\\\"highlighted\\\":false}]\",\"coordinates\":\"[]\"},{\"on\":true,\"name\":\"Spline 3\",\"interpolation\":\"points\",\"repeat\":1,\"offset\":0,\"a_pause\":0,\"z_pause\":0,\"easing\":\"in_out\",\"driven\":false,\"_drivenConfig\":{\"driver\":\"\",\"rotate\":0,\"d_scale\":1},\"easingConfig\":{\"path\":\"full\",\"strength\":1},\"scale\":1.01,\"points_store\":\"[{\\\"x\\\":0.1825084381354701,\\\"y\\\":0.5597005375309391,\\\"highlighted\\\":false},{\\\"x\\\":0.3365074749955557,\\\"y\\\":0.6076201622338966,\\\"highlighted\\\":false},{\\\"x\\\":0.3189020559617375,\\\"y\\\":0.35938667690686077,\\\"highlighted\\\":false},{\\\"x\\\":0.6634434660802881,\\\"y\\\":0.627109436647994,\\\"highlighted\\\":false},{\\\"x\\\":0.7567427823191606,\\\"y\\\":0.3196802409162543,\\\"highlighted\\\":false},{\\\"x\\\":0.8208569029648533,\\\"y\\\":0.65848825171457,\\\"highlighted\\\":false}]\",\"coordinates\":\"[]\"}]",
        null,
        "[{\"x\":200,\"y\":240},{\"x\":304,\"y\":240}]",
        656,
        480,
        "None",
        {},
        "",
        null,
        null,
        {
          "on": true,
          "name": "Spline 1",
          "interpolation": "basis",
          "repeat": 1,
          "offset": 6,
          "a_pause": 0,
          "z_pause": 0,
          "easing": "in_out",
          "driven": false,
          "_drivenConfig": {
            "driver": "",
            "rotate": 0,
            "d_scale": 1
          },
          "easingConfig": {
            "path": "full",
            "strength": 1
          },
          "scale": 1.84,
          "points_store": "[{\"x\":0.16734756890663047,\"y\":0.8291453830740663,\"highlighted\":false},{\"x\":0.40826350018417734,\"y\":0.5354926052428199,\"highlighted\":false},{\"x\":0.44699653146644214,\"y\":0.926485751402128,\"highlighted\":true,\"fix\":null},{\"x\":0.7060983180155901,\"y\":0.5176323253815309,\"highlighted\":false},{\"x\":0.7201990955148635,\"y\":0.9296307777561326,\"highlighted\":true,\"fix\":null},{\"x\":1.0321787976862866,\"y\":0.5585176679835905,\"highlighted\":false},{\"x\":1.0550925611226054,\"y\":0.9453559095261559,\"highlighted\":false}]",
          "coordinates": "[]"
        },
        {
          "on": true,
          "name": "Spline 1_1",
          "interpolation": "basis",
          "repeat": 1,
          "offset": 0,
          "a_pause": 0,
          "z_pause": 0,
          "easing": "in_out",
          "driven": false,
          "_drivenConfig": {
            "driver": "",
            "rotate": 0,
            "d_scale": 1
          },
          "easingConfig": {
            "path": "full",
            "strength": 1
          },
          "scale": 1.89,
          "points_store": "[{\"x\":0.49342522075763895,\"y\":0.6083132461402964,\"highlighted\":false},{\"x\":0.6752187518114265,\"y\":0.49242980482164167,\"highlighted\":false},{\"x\":0.6939596823385212,\"y\":0.7908319550438878,\"highlighted\":true},{\"x\":0.8999363806551236,\"y\":0.534384963040345,\"highlighted\":false},{\"x\":0.9064718018990809,\"y\":0.8072868674994239,\"highlighted\":true},{\"x\":1.0802300820658168,\"y\":0.5511732979852062,\"highlighted\":false},{\"x\":1.096043389626622,\"y\":0.8181391373940944,\"highlighted\":false}]",
          "coordinates": "[]"
        },
        {
          "on": true,
          "name": "Spline 3",
          "interpolation": "points",
          "repeat": 1,
          "offset": 0,
          "a_pause": 0,
          "z_pause": 0,
          "easing": "in_out",
          "driven": false,
          "_drivenConfig": {
            "driver": "",
            "rotate": 0,
            "d_scale": 1
          },
          "easingConfig": {
            "path": "full",
            "strength": 1
          },
          "scale": 1.01,
          "points_store": "[{\"x\":0.1825084381354701,\"y\":0.5597005375309391,\"highlighted\":false},{\"x\":0.3365074749955557,\"y\":0.6076201622338966,\"highlighted\":false},{\"x\":0.3189020559617375,\"y\":0.35938667690686077,\"highlighted\":false},{\"x\":0.6634434660802881,\"y\":0.627109436647994,\"highlighted\":false},{\"x\":0.7567427823191606,\"y\":0.3196802409162543,\"highlighted\":false},{\"x\":0.8208569029648533,\"y\":0.65848825171457,\"highlighted\":false}]",
          "coordinates": "[]"
        }
      ]
    },
    {
      "id": 109,
      "type": "ImageResizeKJv2",
      "pos": [
        -67.44595217385478,
        383.44788283677536
      ],
      "size": [
        270,
        336.0000305175781
      ],
      "flags": {
        "collapsed": true
      },
      "order": 26,
      "mode": 0,
      "inputs": [
        {
          "name": "image",
          "type": "IMAGE",
          "link": 168
        },
        {
          "name": "mask",
          "shape": 7,
          "type": "MASK",
          "link": null
        },
        {
          "name": "width",
          "type": "INT",
          "widget": {
            "name": "width"
          },
          "link": 292
        },
        {
          "name": "height",
          "type": "INT",
          "widget": {
            "name": "height"
          },
          "link": 293
        }
      ],
      "outputs": [
        {
          "name": "IMAGE",
          "type": "IMAGE",
          "links": [
            215,
            488
          ]
        },
        {
          "name": "width",
          "type": "INT",
          "links": []
        },
        {
          "name": "height",
          "type": "INT",
          "links": []
        },
        {
          "name": "mask",
          "type": "MASK",
          "links": null
        }
      ],
      "properties": {
        "cnr_id": "comfyui-kjnodes",
        "ver": "87d0cf42db7d59992daba4d58a83655b5b359f44",
        "Node name for S&R": "ImageResizeKJv2",
        "ue_properties": {
          "version": "7.2.2",
          "widget_ue_connectable": {
            "width": true,
            "height": true
          },
          "input_ue_unconnectable": {}
        }
      },
      "widgets_values": [
        480,
        832,
        "lanczos",
        "resize",
        "0,0,0",
        "center",
        16,
        "cpu"
      ]
    },
    {
      "id": 270,
      "type": "DrawShapeOnPath",
      "pos": [
        -73.13712058134249,
        432.67323582903435
      ],
      "size": [
        270,
        358
      ],
      "flags": {},
      "order": 33,
      "mode": 0,
      "inputs": [
        {
          "name": "bg_image",
          "type": "IMAGE",
          "link": 500
        },
        {
          "name": "coordinates",
          "type": "STRING",
          "link": 501
        },
        {
          "name": "frames",
          "shape": 7,
          "type": "INT",
          "link": 502
        }
      ],
      "outputs": [
        {
          "name": "image",
          "type": "IMAGE",
          "links": [
            504,
            510
          ]
        },
        {
          "name": "mask",
          "type": "MASK",
          "links": null
        },
        {
          "name": "output_coordinates",
          "type": "STRING",
          "links": null
        },
        {
          "name": "preview",
          "type": "IMAGE",
          "links": [
            511
          ]
        }
      ],
      "properties": {
        "aux_id": "ComfyUI-WanVideoWrapper_QQ",
        "ver": "7f2c53a50344a37df99e3bf83e254ce18a170c72",
        "Node name for S&R": "DrawShapeOnPath",
        "ue_properties": {
          "widget_ue_connectable": {},
          "input_ue_unconnectable": {},
          "version": "7.2.2"
        }
      },
      "widgets_values": [
        "circle",
        40,
        40,
        "white",
        "black",
        15.199951171875,
        1,
        0,
        0,
        "black",
        true
      ]
    },
    {
      "id": 103,
      "type": "WanVideoModelLoader",
      "pos": [
        -702.2020263671875,
        -1021.4868774414062
      ],
      "size": [
        672.8318481445312,
        338
      ],
      "flags": {},
      "order": 28,
      "mode": 0,
      "inputs": [
        {
          "name": "compile_args",
          "shape": 7,
          "type": "WANCOMPILEARGS",
          "link": 161
        },
        {
          "name": "block_swap_args",
          "shape": 7,
          "type": "BLOCKSWAPARGS",
          "link": null
        },
        {
          "name": "lora",
          "shape": 7,
          "type": "WANVIDLORA",
          "link": null
        },
        {
          "name": "vram_management_args",
          "shape": 7,
          "type": "VRAM_MANAGEMENTARGS",
          "link": null
        },
        {
          "name": "extra_model",
          "shape": 7,
          "type": "VACEPATH",
          "link": null
        },
        {
          "name": "fantasytalking_model",
          "shape": 7,
          "type": "FANTASYTALKINGMODEL",
          "link": null
        },
        {
          "name": "multitalk_model",
          "shape": 7,
          "type": "MULTITALKMODEL",
          "link": null
        },
        {
          "name": "fantasyportrait_model",
          "shape": 7,
          "type": "FANTASYPORTRAITMODEL",
          "link": null
        },
        {
          "name": "vace_model",
          "shape": 7,
          "type": "VACEPATH",
          "link": null
        }
      ],
      "outputs": [
        {
          "name": "model",
          "type": "WANVIDEOMODEL",
          "slot_index": 0,
          "links": [
            154
          ]
        }
      ],
      "properties": {
        "aux_id": "ComfyUI-WanVideoWrapper",
        "Node name for S&R": "WanVideoModelLoader",
        "ver": "d20baf00247fd06553fdc9253e18732244e54172",
        "cnr_id": "ComfyUI-WanVideoWrapper",
        "ue_properties": {
          "version": "7.2.2",
          "widget_ue_connectable": {},
          "input_ue_unconnectable": {}
        }
      },
      "widgets_values": [
        "wan_2.2\\Wan2_2-I2V-A14B-LOW_fp8_e4m3fn_scaled_KJ.safetensors",
        "fp16_fast",
        "fp8_e4m3fn_scaled",
        "offload_device",
        "sageattn",
        "default"
      ],
      "color": "#223",
      "bgcolor": "#335"
    },
    {
      "id": 275,
      "type": "WanVideoPowerLoraLoader",
      "pos": [
        27.568278305438284,
        -667.1918422136293
      ],
      "size": [
        480,
        185.326171875
      ],
      "flags": {},
      "order": 19,
      "mode": 0,
      "inputs": [
        {
          "name": "prev_lora",
          "shape": 7,
          "type": "WANVIDLORA",
          "link": null
        },
        {
          "name": "blocks",
          "shape": 7,
          "type": "SELECTEDBLOCKS",
          "link": null
        }
      ],
      "outputs": [
        {
          "name": "selected_lora",
          "type": "WANVIDLORA",
          "links": [
            512
          ]
        },
        {
          "name": "low_lora",
          "type": "WANVIDLORA",
          "links": []
        }
      ],
      "properties": {
        "aux_id": "ComfyUI-WanVideoWrapper_QQ",
        "ver": "9d9c90632881180cb5eaf3ab380b174e057bb8b7",
        "Node name for S&R": "WanVideoPowerLoraLoader",
        "Show Strengths": "Single Strength",
        "low_mem_load": true,
        "merge_loras": false,
        "overwrite_duplicates": false,
        "ue_properties": {
          "version": "7.2.2",
          "widget_ue_connectable": {},
          "input_ue_unconnectable": {}
        }
      },
      "widgets_values": [
        {},
        {},
        {
          "type": "PowerLoraLoaderHeaderWidget"
        },
        {
          "on": true,
          "lora": "wan_22_lighting\\old\\Wan2.2-Lightning_I2V-A14B-4steps-lora_LOW_fp16.safetensors",
          "strength": 1,
          "strengthTwo": null,
          "low_strength": 1,
          "is_low": false,
          "low_variant_name": null
        },
        {},
        ""
      ]
    },
    {
      "id": 156,
      "type": "WanVideoPowerLoraLoader",
      "pos": [
        27.568278305438284,
        -1056.4539200873703
      ],
      "size": [
        480,
        185.326171875
      ],
      "flags": {},
      "order": 20,
      "mode": 0,
      "inputs": [
        {
          "name": "prev_lora",
          "shape": 7,
          "type": "WANVIDLORA",
          "link": null
        },
        {
          "name": "blocks",
          "shape": 7,
          "type": "SELECTEDBLOCKS",
          "link": null
        }
      ],
      "outputs": [
        {
          "name": "selected_lora",
          "type": "WANVIDLORA",
          "links": [
            276
          ]
        },
        {
          "name": "low_lora",
          "type": "WANVIDLORA",
          "links": []
        }
      ],
      "properties": {
        "aux_id": "ComfyUI-WanVideoWrapper_QQ",
        "ver": "9d9c90632881180cb5eaf3ab380b174e057bb8b7",
        "Node name for S&R": "WanVideoPowerLoraLoader",
        "Show Strengths": "Single Strength",
        "low_mem_load": true,
        "merge_loras": false,
        "overwrite_duplicates": false,
        "ue_properties": {
          "version": "7.2.2",
          "widget_ue_connectable": {},
          "input_ue_unconnectable": {}
        }
      },
      "widgets_values": [
        {},
        {},
        {
          "type": "PowerLoraLoaderHeaderWidget"
        },
        {
          "on": true,
          "lora": "wan_22_lighting\\Wan22_A14B_T2V_HIGH_Lightning_4steps_lora_250928_fp16.safetensors",
          "strength": 1,
          "strengthTwo": null,
          "low_strength": 1,
          "is_low": true,
          "low_variant_name": "wan_22_lighting\\Wan22_A14B_T2V_LOW_Lightning_4steps_lora_250928_fp16.safetensors"
        },
        {},
        ""
      ]
    },
    {
      "id": 266,
      "type": "Reroute",
      "pos": [
        2129.175442774385,
        -785.4756154706
      ],
      "size": [
        75,
        26
      ],
      "flags": {},
      "order": 40,
      "mode": 0,
      "inputs": [
        {
          "name": "",
          "type": "*",
          "link": 491
        }
      ],
      "outputs": [
        {
          "name": "",
          "type": "WANVIDEOMODEL",
          "links": [
            492
          ]
        }
      ],
      "properties": {
        "showOutputText": false,
        "horizontal": false,
        "ue_properties": {
          "widget_ue_connectable": {},
          "version": "7.2.2",
          "input_ue_unconnectable": {}
        }
      }
    },
    {
      "id": 197,
      "type": "WanVideoCacheSamples",
      "pos": [
        1670.058484860804,
        -800.9086984500995
      ],
      "size": [
        305.3199157714844,
        82
      ],
      "flags": {},
      "order": 47,
      "mode": 0,
      "inputs": [
        {
          "name": "samples",
          "shape": 7,
          "type": "LATENT",
          "link": 354
        }
      ],
      "outputs": [
        {
          "name": "samples",
          "type": "LATENT",
          "links": [
            355
          ]
        }
      ],
      "properties": {
        "aux_id": "ComfyUI-WanVideoWrapper_QQ",
        "ver": "9d9c90632881180cb5eaf3ab380b174e057bb8b7",
        "Node name for S&R": "WanVideoCacheSamples",
        "ue_properties": {
          "widget_ue_connectable": {},
          "input_ue_unconnectable": {},
          "version": "7.2.2"
        }
      },
      "widgets_values": [
        "cache_data",
        "wanvideo_cached_samples.pt"
      ]
    },
    {
      "id": 272,
      "type": "Fast Groups Bypasser (rgthree)",
      "pos": [
        1245.8731691432868,
        -800.9086984500995
      ],
      "size": [
        312.3485107421875,
        96.41674041748047
      ],
      "flags": {},
      "order": 21,
      "mode": 0,
      "inputs": [],
      "outputs": [
        {
          "name": "OPT_CONNECTION",
          "type": "*",
          "links": null
        }
      ],
      "properties": {
        "matchColors": "cyan",
        "matchTitle": "",
        "showNav": true,
        "showAllGraphs": true,
        "sort": "position",
        "customSortAlphabet": "",
        "toggleRestriction": "default",
        "ue_properties": {
          "widget_ue_connectable": {},
          "input_ue_unconnectable": {},
          "version": "7.2.2"
        }
      },
      "color": "#233",
      "bgcolor": "#355"
    },
    {
      "id": 276,
      "type": "WanVideoImageToVideoEncode",
      "pos": [
        755.5197996516134,
        955.3758345214882
      ],
      "size": [
        293.7520751953125,
        390
      ],
      "flags": {},
      "order": 43,
      "mode": 0,
      "inputs": [
        {
          "name": "vae",
          "shape": 7,
          "type": "WANVAE",
          "link": 513
        },
        {
          "name": "clip_embeds",
          "shape": 7,
          "type": "WANVIDIMAGE_CLIPEMBEDS",
          "link": null
        },
        {
          "name": "start_image",
          "shape": 7,
          "type": "IMAGE",
          "link": 514
        },
        {
          "name": "end_image",
          "shape": 7,
          "type": "IMAGE",
          "link": null
        },
        {
          "name": "control_embeds",
          "shape": 7,
          "type": "WANVIDIMAGE_EMBEDS",
          "link": null
        },
        {
          "name": "temporal_mask",
          "shape": 7,
          "type": "MASK",
          "link": null
        },
        {
          "name": "extra_latents",
          "shape": 7,
          "type": "LATENT",
          "link": null
        },
        {
          "name": "add_cond_latents",
          "shape": 7,
          "type": "ADD_COND_LATENTS",
          "link": null
        },
        {
          "name": "width",
          "type": "INT",
          "widget": {
            "name": "width"
          },
          "link": 515
        },
        {
          "name": "height",
          "type": "INT",
          "widget": {
            "name": "height"
          },
          "link": 516
        },
        {
          "name": "num_frames",
          "type": "INT",
          "widget": {
            "name": "num_frames"
          },
          "link": 517
        }
      ],
      "outputs": [
        {
          "name": "image_embeds",
          "type": "WANVIDIMAGE_EMBEDS",
          "links": [
            518
          ]
        }
      ],
      "properties": {
        "ue_properties": {
          "version": "7.2.2",
          "widget_ue_connectable": {
            "width": true,
            "height": true,
            "num_frames": true
          },
          "input_ue_unconnectable": {}
        },
        "aux_id": "ComfyUI-WanVideoWrapper",
        "Node name for S&R": "WanVideoImageToVideoEncode",
        "ver": "d20baf00247fd06553fdc9253e18732244e54172",
        "cnr_id": "ComfyUI-WanVideoWrapper"
      },
      "widgets_values": [
        832,
        480,
        81,
        0.02,
        1,
        1.0000000000000002,
        true,
        false,
        false
      ],
      "color": "#2a363b",
      "bgcolor": "#3f5159"
    },
    {
      "id": 63,
      "type": "WanVideoImageToVideoEncode",
      "pos": [
        755.5197996516134,
        521.6363868052545
      ],
      "size": [
        293.7520751953125,
        390
      ],
      "flags": {},
      "order": 42,
      "mode": 0,
      "inputs": [
        {
          "name": "vae",
          "shape": 7,
          "type": "WANVAE",
          "link": 123
        },
        {
          "name": "clip_embeds",
          "shape": 7,
          "type": "WANVIDIMAGE_CLIPEMBEDS",
          "link": null
        },
        {
          "name": "start_image",
          "shape": 7,
          "type": "IMAGE",
          "link": 274
        },
        {
          "name": "end_image",
          "shape": 7,
          "type": "IMAGE",
          "link": null
        },
        {
          "name": "control_embeds",
          "shape": 7,
          "type": "WANVIDIMAGE_EMBEDS",
          "link": null
        },
        {
          "name": "temporal_mask",
          "shape": 7,
          "type": "MASK",
          "link": null
        },
        {
          "name": "extra_latents",
          "shape": 7,
          "type": "LATENT",
          "link": null
        },
        {
          "name": "add_cond_latents",
          "shape": 7,
          "type": "ADD_COND_LATENTS",
          "link": null
        },
        {
          "name": "width",
          "type": "INT",
          "widget": {
            "name": "width"
          },
          "link": 172
        },
        {
          "name": "height",
          "type": "INT",
          "widget": {
            "name": "height"
          },
          "link": 192
        },
        {
          "name": "num_frames",
          "type": "INT",
          "widget": {
            "name": "num_frames"
          },
          "link": 120
        }
      ],
      "outputs": [
        {
          "name": "image_embeds",
          "type": "WANVIDIMAGE_EMBEDS",
          "links": [
            247
          ]
        }
      ],
      "properties": {
        "aux_id": "ComfyUI-WanVideoWrapper",
        "Node name for S&R": "WanVideoImageToVideoEncode",
        "ver": "d20baf00247fd06553fdc9253e18732244e54172",
        "cnr_id": "ComfyUI-WanVideoWrapper",
        "ue_properties": {
          "version": "7.2.2",
          "widget_ue_connectable": {
            "width": true,
            "height": true,
            "num_frames": true
          },
          "input_ue_unconnectable": {}
        }
      },
      "widgets_values": [
        832,
        480,
        81,
        0.02,
        1,
        1.0000000000000002,
        true,
        false,
        false
      ],
      "color": "#2a363b",
      "bgcolor": "#3f5159"
    },
    {
      "id": 145,
      "type": "WanVideoAddControlEmbeds",
      "pos": [
        755.5197996516134,
        294.4811096191406
      ],
      "size": [
        296.7886657714844,
        172.00003051757812
      ],
      "flags": {},
      "order": 44,
      "mode": 0,
      "inputs": [
        {
          "name": "embeds",
          "type": "WANVIDIMAGE_EMBEDS",
          "link": 247
        },
        {
          "name": "latents",
          "shape": 7,
          "type": "LATENT",
          "link": 246
        },
        {
          "name": "fun_ref_image",
          "shape": 7,
          "type": "LATENT",
          "link": null
        }
      ],
      "outputs": [
        {
          "name": "image_embeds",
          "type": "WANVIDIMAGE_EMBEDS",
          "links": [
            248
          ]
        }
      ],
      "properties": {
        "aux_id": "ComfyUI-WanVideoWrapper",
        "Node name for S&R": "WanVideoAddControlEmbeds",
        "ver": "64a0c036732ce2f85caf9ec933a51bf802f8b645",
        "cnr_id": "ComfyUI-WanVideoWrapper",
        "ue_properties": {
          "version": "7.2.2",
          "widget_ue_connectable": {},
          "input_ue_unconnectable": {}
        }
      },
      "widgets_values": [
        0,
        1
      ]
    }
  ],
  "links": [
    [
      90,
      76,
      0,
      77,
      1,
      "IMAGE"
    ],
    [
      103,
      38,
      0,
      83,
      0,
      "*"
    ],
    [
      120,
      76,
      3,
      63,
      10,
      "INT"
    ],
    [
      123,
      85,
      0,
      63,
      0,
      "WANVAE"
    ],
    [
      140,
      22,
      0,
      98,
      0,
      "WANVIDEOMODEL"
    ],
    [
      141,
      98,
      0,
      97,
      0,
      "WANVIDEOMODEL"
    ],
    [
      142,
      39,
      0,
      98,
      1,
      "BLOCKSWAPARGS"
    ],
    [
      154,
      103,
      0,
      104,
      0,
      "WANVIDEOMODEL"
    ],
    [
      156,
      104,
      0,
      105,
      0,
      "WANVIDEOMODEL"
    ],
    [
      160,
      35,
      0,
      22,
      0,
      "WANCOMPILEARGS"
    ],
    [
      161,
      35,
      0,
      103,
      0,
      "WANCOMPILEARGS"
    ],
    [
      168,
      58,
      0,
      109,
      0,
      "IMAGE"
    ],
    [
      172,
      76,
      1,
      63,
      8,
      "INT"
    ],
    [
      192,
      76,
      2,
      63,
      9,
      "INT"
    ],
    [
      196,
      80,
      0,
      27,
      1,
      "WANVIDIMAGE_EMBEDS"
    ],
    [
      214,
      85,
      0,
      77,
      0,
      "WANVAE"
    ],
    [
      215,
      109,
      0,
      124,
      0,
      "*"
    ],
    [
      218,
      100,
      0,
      28,
      1,
      "LATENT"
    ],
    [
      235,
      126,
      0,
      141,
      0,
      "*"
    ],
    [
      236,
      141,
      0,
      27,
      2,
      "WANVIDEOTEXTEMBEDS"
    ],
    [
      237,
      141,
      0,
      100,
      2,
      "WANVIDEOTEXTEMBEDS"
    ],
    [
      246,
      77,
      0,
      145,
      1,
      "LATENT"
    ],
    [
      247,
      63,
      0,
      145,
      0,
      "WANVIDIMAGE_EMBEDS"
    ],
    [
      248,
      145,
      0,
      80,
      0,
      "*"
    ],
    [
      274,
      124,
      0,
      63,
      2,
      "IMAGE"
    ],
    [
      276,
      156,
      0,
      97,
      1,
      "WANVIDLORA"
    ],
    [
      277,
      157,
      0,
      104,
      1,
      "BLOCKSWAPARGS"
    ],
    [
      280,
      28,
      0,
      30,
      0,
      "IMAGE"
    ],
    [
      292,
      153,
      0,
      109,
      2,
      "INT"
    ],
    [
      293,
      153,
      0,
      109,
      3,
      "INT"
    ],
    [
      350,
      86,
      0,
      195,
      0,
      "WANVAE"
    ],
    [
      352,
      27,
      1,
      195,
      1,
      "LATENT"
    ],
    [
      353,
      195,
      0,
      187,
      0,
      "IMAGE"
    ],
    [
      354,
      27,
      0,
      197,
      0,
      "LATENT"
    ],
    [
      355,
      197,
      0,
      100,
      3,
      "LATENT"
    ],
    [
      356,
      198,
      0,
      27,
      18,
      "INT"
    ],
    [
      357,
      200,
      0,
      28,
      0,
      "WANVAE"
    ],
    [
      466,
      204,
      0,
      100,
      18,
      "INT"
    ],
    [
      472,
      253,
      0,
      251,
      0,
      "*"
    ],
    [
      473,
      254,
      0,
      252,
      0,
      "*"
    ],
    [
      477,
      259,
      0,
      27,
      17,
      "INT"
    ],
    [
      478,
      259,
      0,
      100,
      17,
      "INT"
    ],
    [
      480,
      260,
      0,
      27,
      19,
      "INT"
    ],
    [
      481,
      260,
      0,
      100,
      19,
      "INT"
    ],
    [
      488,
      109,
      0,
      264,
      0,
      "IMAGE"
    ],
    [
      489,
      97,
      0,
      265,
      0,
      "*"
    ],
    [
      490,
      265,
      0,
      27,
      0,
      "WANVIDEOMODEL"
    ],
    [
      491,
      105,
      0,
      266,
      0,
      "*"
    ],
    [
      492,
      266,
      0,
      100,
      0,
      "WANVIDEOMODEL"
    ],
    [
      494,
      210,
      0,
      264,
      2,
      "INT"
    ],
    [
      500,
      264,
      0,
      270,
      0,
      "IMAGE"
    ],
    [
      501,
      264,
      1,
      270,
      1,
      "STRING"
    ],
    [
      502,
      264,
      2,
      270,
      2,
      "INT"
    ],
    [
      504,
      270,
      0,
      76,
      0,
      "IMAGE"
    ],
    [
      510,
      270,
      0,
      82,
      0,
      "IMAGE"
    ],
    [
      511,
      270,
      3,
      274,
      0,
      "IMAGE"
    ],
    [
      512,
      275,
      0,
      105,
      1,
      "WANVIDLORA"
    ],
    [
      513,
      85,
      0,
      276,
      0,
      "WANVAE"
    ],
    [
      514,
      124,
      0,
      276,
      2,
      "IMAGE"
    ],
    [
      515,
      76,
      1,
      276,
      8,
      "INT"
    ],
    [
      516,
      76,
      2,
      276,
      9,
      "INT"
    ],
    [
      517,
      76,
      3,
      276,
      10,
      "INT"
    ],
    [
      518,
      276,
      0,
      100,
      1,
      "WANVIDIMAGE_EMBEDS"
    ]
  ],
  "groups": [
    {
      "id": 4,
      "title": "Process inputs",
      "bounding": [
        247.32363891601562,
        206.1204376220703,
        866.1505234242582,
        1172.4255256399767
      ],
      "color": "#A88",
      "font_size": 24,
      "flags": {}
    },
    {
      "id": 5,
      "title": "LOW",
      "bounding": [
        1235.93115234375,
        -670.9139404296875,
        842.37060546875,
        1324.3184814453125
      ],
      "color": "#8AA",
      "font_size": 24,
      "flags": {}
    },
    {
      "id": 6,
      "title": "HIGH",
      "bounding": [
        2087.3115234375,
        -672.6325073242188,
        1037.7220458984375,
        1326.4908447265625
      ],
      "color": "#8AA",
      "font_size": 24,
      "flags": {}
    }
  ],
  "config": {},
  "extra": {
    "ds": {
      "scale": 0.37974983358325354,
      "offset": [
        1488.3143373330145,
        897.4481957879357
      ]
    },
    "frontendVersion": "1.29.1",
    "node_versions": {
      "ComfyUI-WanVideoWrapper": "5a2383621a05825d0d0437781afcb8552d9590fd",
      "comfy-core": "0.3.26",
      "ComfyUI-KJNodes": "a5bd3c86c8ed6b83c55c2d0e7a59515b15a0137f",
      "ComfyUI-VideoHelperSuite": "0a75c7958fe320efcb052f1d9f8451fd20c730a8"
    },
    "VHS_latentpreview": true,
    "VHS_latentpreviewrate": 8,
    "VHS_MetadataImage": true,
    "VHS_KeepIntermediate": true,
    "ue_links": [],
    "links_added_by_ue": []
  },
  "version": 0.4
}